Model Name,Parameters,Publisher,Release Date,Monthly Downloads (HF),Total Likes (HF),Total Stars (GitHub),Open Issues (GitHub),Closed Issues (GitHub),Open PRs (GitHub),Closed PRs (GitHub),GitHub ULR,HF URL,Months Since Release
ChatGLM-3-6B,6B,Tsinghua,2023-10-25,0.010802303349670134,1.0,0.32592350441320694,1.0,0.1169811320754717,0.27586206896551724,0.019138755980861243,https://github.com/THUDM/ChatGLM-6B,https://huggingface.co/THUDM/chatglm-6b,13
ChatGLM-4-9B-Chat,9B,Tsinghua,2024-06-04,0.012314983041124453,0.5424901185770751,0.5447313937016455,0.4329896907216495,0.6477987421383647,0.1724137931034483,0.12679425837320574,https://github.com/THUDM/GLM-4,https://huggingface.co/THUDM/glm-4-9b-chat,5
Llama-3.2-3B-Instruct,3B,Meta,2024-09-25,0.26150000354595865,0.4743083003952569,0.492644655116051,0.7422680412371134,0.061635220125786164,0.10344827586206896,0.20334928229665072,https://github.com/meta-llama/llama-models,https://huggingface.co/meta-llama/Llama-3.2-3B-Instruct,2
Llama-3.2-1B-Instruct,1B,Meta,2024-09-25,0.3455368594521205,0.43774703557312256,0.492644655116051,0.7422680412371134,0.061635220125786164,0.10344827586206896,0.20334928229665072,https://github.com/meta-llama/llama-models,https://huggingface.co/meta-llama/Llama-3.2-1B-Instruct,2
Llama-3.1-70B-Instruct,70B,Meta,2024-07-23,1.0,0.5830039525691699,0.492644655116051,0.7422680412371134,0.061635220125786164,0.10344827586206896,0.20334928229665072,https://github.com/meta-llama/llama-models,https://huggingface.co/meta-llama/Llama-3.1-70B-Instruct,4
Llama-3.1-405B-Instruct,405B,Meta,2024-07-23,0.2421708516420809,0.4367588932806324,0.492644655116051,0.7422680412371134,0.061635220125786164,0.10344827586206896,0.20334928229665072,https://github.com/meta-llama/llama-models,https://huggingface.co/meta-llama/Llama-3.1-405B-Instruct,4
Qwen2.5-72B-Instruct,72B,Alibaba,2024-09-19,0.11015376064674083,0.3705533596837945,1.0,0.5670103092783505,1.0,0.20689655172413793,0.15311004784688995,https://github.com/QwenLM/Qwen2.5,https://huggingface.co/Qwen/Qwen2.5-72B-Instruct,2
Qwen2.5-32B-Instruct,32B,Alibaba,2024-09-19,0.030799671460364983,0.039525691699604744,1.0,0.5670103092783505,1.0,0.20689655172413793,0.15311004784688995,https://github.com/QwenLM/Qwen2.5,https://huggingface.co/Qwen/Qwen2.5-32B-Instruct,2
Qwen2.5-14B-Instruct,14B,Alibaba,2024-09-19,0.02579803112616232,0.030632411067193676,1.0,0.5670103092783505,1.0,0.20689655172413793,0.15311004784688995,https://github.com/QwenLM/Qwen2.5,https://huggingface.co/Qwen/Qwen2.5-14B-Instruct,2
Qwen2.5-7B-Instruct,7B,Alibaba,2024-09-19,0.11761235632629229,0.17588932806324112,1.0,0.5670103092783505,1.0,0.20689655172413793,0.15311004784688995,https://github.com/QwenLM/Qwen2.5,https://huggingface.co/Qwen/Qwen2.5-7B-Instruct,2
Qwen2.5-3B-Instruct,3B,Alibaba,2024-09-19,0.06218849738295119,0.0,1.0,0.5670103092783505,1.0,0.20689655172413793,0.15311004784688995,https://github.com/QwenLM/Qwen2.5,https://huggingface.co/Qwen/Qwen2.5-3B-Instruct,2
Qwen2.5-0.5B-Instruct,0.5B,Alibaba,2024-09-19,0.10677616937179533,0.017786561264822136,1.0,0.5670103092783505,1.0,0.20689655172413793,0.15311004784688995,https://github.com/QwenLM/Qwen2.5,https://huggingface.co/Qwen/Qwen2.5-0.5B-Instruct,2
Granite-3-8B-Instruct,8B,IBM,2024-10-03,0.006681636740964569,0.07608695652173914,0.0,0.0,0.0,0.0,0.0,https://github.com/ibm-granite/granite-3.0-language-models,https://huggingface.co/ibm-granite/granite-3.0-8b-instruct,1
DeepSeek-V2,236B,DeepSeek,2024-04-22,0.0003088923974909322,0.7075098814229249,0.36765827612509533,0.6701030927835051,0.026415094339622643,0.10344827586206896,0.011961722488038277,https://github.com/deepseek-ai/DeepSeek-V2,https://huggingface.co/deepseek-ai/DeepSeek-V2,7
Gemma-2-27B-It,27B,Google,2024-06-24,0.06084050777077137,0.358695652173913,0.16029203443391085,0.3402061855670103,0.1069182389937107,1.0,0.8851674641148325,https://github.com/google/generative-ai-docs,https://huggingface.co/google/gemma-2-27b-it,5
Gemma-2-9B-It,9B,Google,2024-06-24,0.11954056983818083,0.46047430830039526,0.16029203443391085,0.3402061855670103,0.1069182389937107,1.0,0.8851674641148325,https://github.com/google/generative-ai-docs,https://huggingface.co/google/gemma-2-9b-it,5
Gemma-2-2B-It,2B,Google,2024-06-24,0.2626467928380041,0.575098814229249,0.16029203443391085,0.3402061855670103,0.1069182389937107,1.0,0.8851674641148325,https://github.com/google/generative-ai-docs,https://huggingface.co/google/gemma-2-2b-it,5
Phi-3-mini-4k-instruct,3B,Microsoft,2024-04-23,0.35635518528159243,0.9822134387351779,0.2458319712324289,0.20618556701030927,0.06918238993710692,0.0,0.3492822966507177,https://github.com/microsoft/Phi-3CookBook,https://huggingface.co/microsoft/Phi-3-mini-4k-instruct,7
Yi-34B-Chat,34B,01 AI,2024-05-13,0.002441458192753584,0.2658102766798419,0.034107006647052414,0.09278350515463918,0.01761006289308176,0.0,0.028708133971291867,https://github.com/01-ai/Yi-1.5,https://huggingface.co/01-ai/Yi-34B-Chat,6
Internlm2.5-20B-Chat,20B,Shanghai AI Laboratory,2024-07-03,0.0,0.008893280632411068,0.6796338672768879,0.030927835051546393,0.4125786163522013,0.0,1.0,https://github.com/InternLM/InternLM,https://huggingface.co/internlm/internlm2_5-20b-chat,4
Internlm2.5-7B-Chat,7B,Shanghai AI Laboratory,2024-07-03,0.010939413750597232,0.1007905138339921,0.6796338672768879,0.030927835051546393,0.4125786163522013,0.0,1.0,https://github.com/InternLM/InternLM,https://huggingface.co/internlm/internlm2_5-7b-chat,4
